<annotation>
	<folder>images</folder>
	<filename>frame1.jpg</filename>
	<path>/home/fmiled/Bureau/labelImgWithOpenPose/groupe/images/frame1.jpg</path>
	<source>
		<database>Unknown</database>
	</source>
	<size>
		<width>1920</width>
		<height>1080</height>
		<depth>3</depth>
	</size>
	<segmented>0</segmented>
	<object>
		<name>pose</name>
		<pose>Unspecified</pose>
		<truncated>1</truncated>
		<difficult>0</difficult>
		<bndbox>
			<xmin>1</xmin>
			<ymin>1</ymin>
			<xmax>1199</xmax>
			<ymax>923</ymax>
		</bndbox>
	</object>
</annotation>
